StoreName,ServiceTag
"F&P Experience Centre, Sydney",HD1761252700084
F&P Sydney Head Office,HD1761252700116
Harvey Norman - Gepps Cross,HD1761252700078
"F&P Experience Centre, Subiaco WA",HD1761252700090
"Brisbane Appliance Sales, Newmarket",HD1705788800033
Camberwell Electrics,HD1705788800057
E&S Trading - Chadstone,HD1705788800062
E&S Trading - Epping,
E&S Trading - Essendon,HD1701460800170
E&S Trading - Geelong,HD1701460800090
E&S Trading - Hawthorn,HD1761252700001
E&S Trading - Preston,HD1701460800064
Harvey Norman - Aspley,HD1701460800002
Harvey Norman - Bundall,HD1688097700141
Harvey Norman - Caringbah,HD1701460800021
Harvey Norman - Chadstone,HD1705788800079
Harvey Norman - Joondalup,HD1701460800200
Harvey Norman - Midland,HD1705788800048
Harvey Norman - Moore Park,HD1705788800055
Harvey Norman - Munno Para,HD1705788800054
Harvey Norman - Osborne Park,
Harvey Norman - Richmond,HD1705788800073
Harvey Norman - Thomastown,HD1705788800032
Harvey Norman - Waurn Ponds,HD1701460800125
Harvey Norman Commercial - Laverton North,HD1705788800088
Harvey Norman Commercial - Mile End,HD1705788800087
Harvey Norman Commercial - Mitchell,HD1705788800091
Harvey Norman Commercial - Somersby,HD1701460800191
Harvey Norman Commercial - Stapylton,HD1705788800045
Harvey Norman Commercial - Taren Point,HD1701460800151
"Joyce Mayne, Maroochydore",HD1701460800115
"Metricon, Baulkham Hills",HD1705788800044
"Metricon, Robina",HD1705788800051
"MyChoice Design Studio, Thornton",HD1705788800047
"Rick Hart & Co., Osborne Park",HD1705788800084
"Spartans Electrical, Campbelltown",
"Spartans Electrical,Torrensville",HD1761252700055
"Status Plus, Cairns",HD1701460800176
"Stocks Appliances, Clayfield",
TGG - Auburn,HD1705788800039
TGG - Essendon,HD1705788800112
TGG - Frankston,HD1705788800067
TGG - Loganholme,HD1705788800025
TGG - Macgregor,HD1701460800056
TGG - Moore Park,HD1701460800107
TGG - Morayfield,HD1705788800095
TGG - Northland,HD1738760600064
TGG - Nunawading,HD1705788800108
TGG - O'Connor,HD1701460800063
TGG - Springvale,HD1701460800211
TGG - Thomastown,HD1705788800017
Winnings - Brookvale NSW,HD1705788800116
Winnings - Fortitude-Valley,HD1705788800070
Winnings - Kingston,HD1761252700030
Winnings - O'Connor WA,HD1701460800224
Winnings - Redfern,HD1761252700111
Winnings - Richmond,HD1701460800119
Winnings - Taren Point,HD1761252700108
"F&P Experience Centre, Sydney",G6BN830005K9
"Brisbane Appliance Sales, Newmarket",G6BN83000573
Harvey Norman Commercial - Laverton North,G6BN83100BKW
Harvey Norman Commercial - Mile End,G6BN83100B4T
Harvey Norman Commercial - Mitchell,G6BN8290089C
"Stocks Appliances, Clayfield",
Winnings - Fortitude-Valley,G6BN833005EL
Winnings - Kingston,
Winnings - Taren Point,G6BN830005R8
"Adelaide Appliance Gallery, St Peters",G6BN830004KF
Airlie Beach Betta Home Living,G6BN83100B5W
"Ball & Croft Betta Home Living, Colac",G6BN83100B6V
Berri Betta Home Living,G6BN83100BMY
Betta Home Living Batemans Bay,G6BN83100B5X
Betta Home Living Bega,G6BN83300583
Betta Home Living Bundaberg,G6BN83100B28
Betta Home Living Powerland,G6BN829005MD
Betta Home Living Underwood,
BING LEE - ALEXANDRIA,G6BN829007B4
BING LEE - ARMIDALE,G6BN833006S5
BING LEE - BALGOWLAH,G6BN8290074B
BING LEE - BANKSTOWN,G6BN833005XP
BING LEE - BOWRAL,G6BN833005C7
BING LEE - Campbelltown,G6BN833006S4
BING LEE - Carlingford,G6BN830006M6
BING LEE - CASULA,G6BN833005Y5
BING LEE - FYSHWICK,G6BN833005Y4
BING LEE - Hornsby,G6BN830004HT
BING LEE - Liverpool,G6BN829007WK
BING LEE - Marsden Park,G6BN830005DC
BING LEE - Penrith,G6BN83100B5J
BING LEE - Port Macquarie,G6BN833006S6
BING LEE - Prospect,G6BN833006PB
BING LEE - Thornton,G6BN830004H0
BING LEE - WEST GOSFORD,G6BN83100BC8
BING LEE - WODONGA,MSB0A8O5S0107211
"Brighton Homes, Loganholme ",G6BN83100BHX
"Domayne, Alexandria",G6BN829006E1
"Domayne, West Gosford",G6BN8290068S
E&S Trading - Blackburn,G6BN833006KV
E&S Trading - Moorabbin,G6BN829005J6
E&S Trading - Prahran,G6BN83100B5R
Echuca Betta Home Living,G6BN83100B0B
"Electric World, Rosny Park",
"Elite Appliances, Hobart",G6BN830005Y3
Fergies Launceston,UNKNOWN
"Garry Thyer's Betta Home Living, Hyde Park ",G6BN8300054Z
Gladstone's Betta Home Living,G6BN83100B29
"Hartley Wells Betta Home Living, Leongatha",G6BN8300056Z
Harvey Norman - Armadale,G6BN833006EG
Harvey Norman - Auburn,G6BN83100BBN
Harvey Norman - Ballina,G6BN829006T7
Harvey Norman - Burnie,G6BN83100B6X
Harvey Norman - Cairns,G6BN83100B68
Harvey Norman - Campbelltown,G6BN83100BC5
Harvey Norman - Castle Hill,G6BN83100BFT
Harvey Norman - Darwin,G6BN83100B4F
Harvey Norman - Frankston,G6BN83100BB6
Harvey Norman - Fyshwick,G6BN83100ASJ
Harvey Norman - Gympie,G6BN83100BQK
Harvey Norman - Hobart City,G6BN833005X4
Harvey Norman - Hornsby,G6BN83100B99
Harvey Norman - MacGregor,MSB0A8O5S0107208
Harvey Norman - Mandurah,G6BN83100B6T
Harvey Norman - Marion,G6BN83100BBM
Harvey Norman - Maroochydore,G6BN83100ARS
Harvey Norman - Noarlunga,G6BN806003WZ
Harvey Norman - Nowra,G6BN83100BB9
Harvey Norman - O'Connor,G6BN829005LE
Harvey Norman - Orange,G6BN829005HQ
Harvey Norman - Springvale,G6BN83100B8T
Harvey Norman - Toowoomba,G6BN83100B6D
Harvey Norman - Warrawong,G6BN83100B6Y
Harvey Norman - Woodville,G6BN83100B5F
Horsham Betta Electrical,G6BN83100B5T
"L&M Gold Star, Kunda Park",G6BN83100B74
Narooma Betta Home Living,G6BN83100B27
Parkes Betta Home Living,G6BN83100B0K
Port Lincoln Betta Home Living,G6BN830005RX
"Reillys, Bendigo",G6BN833005TW
"Retravision, Albany",
"Retravision, Cannington",G6BN83100BAT
"Retravision, Harvey",G6BN833006KU
"Retravision, Joondalup",G6BN83100B20
"Retravision, Margaret River",G6BN83100B77
"Retravision, O'Connor",G6BN833005EZ
"Rezzie Betta Home Living Superstore, Maitland",G6BN830004UM
"Riverina Home Centre, Wagga Wagga",G6BN83100BC3
Simic's Traralgon Betta Home Living,G6BN833005EY
TGG - Ballarat,G6BN83100B5K
TGG - Bankstown,G6BN83100BB5
TGG - Bayswater,G6BN83100B7Z
TGG - Belmont,G6BN83100BM0
TGG - Brighton,G6BN830005VP
TGG - Brown Plains,GEFN01700L4R
TGG - Bundall,G6BN83100BCB
TGG - Butler,G6BN83100B41
TGG - Cannington,G6BN83100B03
TGG - Geelong,G6BN83100BBQ
TGG - Hectorville,G6BN833007E1
TGG - Joondalup,MSB0A8O5S0107212
TGG - Kawana Waters,G6BN83100B57
TGG - Launceston,G6BN83100B0T
TGG - Lutwhyche,G6BN830006GZ
TGG - Mackay,G6BN83100B22
TGG - Malaga,G6BN8300039Y
TGG - Maribyrnong,G6BN830006MQ
TGG - Marion,G6BN8300057A
TGG - Midland,G6BN829008PV
TGG - Mile End,G6BN83100B1Q
TGG - Moorabbin,G6BN83100BJ8
TGG - Penrith,G6BN830004UA
TGG - Rockingham,G6BN83100B07
TGG - Townsville,G6BN830004UC
TGG - Tweed Heads,G6BN833005BT
TGG - Warrnambool,G6BN829008LJ
Thomo's Betta Home Living,G6BN833006FH
"Weiley's Betta Home Living, Orange",G6BN83100B7S
Whitfords Camperdown,G6BN829007BZ
Winnings - Brighton VIC (Michael's of Brighton),G6BN83100B5G
Winnings - Chadstone,G6BN83100AQR
Winnings - Crows Nest,G6BN82900693
Winnings - Narellan,G6BN833007CH
Winnings - Northmead,G6BN83100B06
Yeppoon Betta Home Living,G6BN83100B0N
